{
  "mnb": 98.05,
  "lr": 98.59,
  "svm": 98.89,
  "mnb_precision": 0.9836,
  "mnb_recall": 0.9805,
  "mnb_f1": 0.9812,
  "lr_precision": 0.9872,
  "lr_recall": 0.9859,
  "lr_f1": 0.9862,
  "svm_precision": 0.9898,
  "svm_recall": 0.9889,
  "svm_f1": 0.9891,
  "languages": [
    "Arabic",
    "Chinese",
    "Dutch",
    "English",
    "Estonian",
    "French",
    "Hindi",
    "Indonesian",
    "Japanese",
    "Korean",
    "Latin",
    "Persian",
    "Portuguese",
    "Pushto",
    "Romanian",
    "Russian",
    "Spanish",
    "Swedish",
    "Tamil",
    "Thai",
    "Turkish",
    "Urdu"
  ],
  "dataset_size": 22000,
  "train_size": 17600,
  "test_size": 4400,
  "vocab_size": 100000,
  "per_lang_mnb": {
    "Arabic": {
      "precision": 1.0,
      "recall": 1.0,
      "f1-score": 1.0,
      "support": 200.0
    },
    "Chinese": {
      "precision": 0.99,
      "recall": 0.99,
      "f1-score": 0.99,
      "support": 200.0
    },
    "Dutch": {
      "precision": 0.9655172413793104,
      "recall": 0.98,
      "f1-score": 0.9727047146401985,
      "support": 200.0
    },
    "English": {
      "precision": 0.7692307692307693,
      "recall": 1.0,
      "f1-score": 0.8695652173913043,
      "support": 200.0
    },
    "Estonian": {
      "precision": 0.9948717948717949,
      "recall": 0.97,
      "f1-score": 0.9822784810126582,
      "support": 200.0
    },
    "French": {
      "precision": 0.961352657004831,
      "recall": 0.995,
      "f1-score": 0.9778869778869779,
      "support": 200.0
    },
    "Hindi": {
      "precision": 1.0,
      "recall": 0.965,
      "f1-score": 0.9821882951653944,
      "support": 200.0
    },
    "Indonesian": {
      "precision": 1.0,
      "recall": 0.97,
      "f1-score": 0.9847715736040609,
      "support": 200.0
    },
    "Japanese": {
      "precision": 1.0,
      "recall": 0.99,
      "f1-score": 0.9949748743718593,
      "support": 200.0
    },
    "Korean": {
      "precision": 1.0,
      "recall": 0.99,
      "f1-score": 0.9949748743718593,
      "support": 200.0
    },
    "Latin": {
      "precision": 0.9893048128342246,
      "recall": 0.925,
      "f1-score": 0.9560723514211886,
      "support": 200.0
    },
    "Persian": {
      "precision": 0.9949748743718593,
      "recall": 0.99,
      "f1-score": 0.9924812030075187,
      "support": 200.0
    },
    "Portuguese": {
      "precision": 0.9845360824742269,
      "recall": 0.955,
      "f1-score": 0.9695431472081218,
      "support": 200.0
    },
    "Pushto": {
      "precision": 1.0,
      "recall": 0.955,
      "f1-score": 0.9769820971867008,
      "support": 200.0
    },
    "Romanian": {
      "precision": 1.0,
      "recall": 0.98,
      "f1-score": 0.98989898989899,
      "support": 200.0
    },
    "Russian": {
      "precision": 0.9949748743718593,
      "recall": 0.99,
      "f1-score": 0.9924812030075187,
      "support": 200.0
    },
    "Spanish": {
      "precision": 0.9948979591836735,
      "recall": 0.975,
      "f1-score": 0.9848484848484849,
      "support": 200.0
    },
    "Swedish": {
      "precision": 1.0,
      "recall": 0.995,
      "f1-score": 0.9974937343358395,
      "support": 200.0
    },
    "Tamil": {
      "precision": 1.0,
      "recall": 0.99,
      "f1-score": 0.9949748743718593,
      "support": 200.0
    },
    "Thai": {
      "precision": 1.0,
      "recall": 0.995,
      "f1-score": 0.9974937343358395,
      "support": 200.0
    },
    "Turkish": {
      "precision": 1.0,
      "recall": 0.99,
      "f1-score": 0.9949748743718593,
      "support": 200.0
    },
    "Urdu": {
      "precision": 1.0,
      "recall": 0.98,
      "f1-score": 0.98989898989899,
      "support": 200.0
    },
    "accuracy": 0.9804545454545455,
    "macro avg": {
      "precision": 0.9836209575328432,
      "recall": 0.9804545454545455,
      "f1-score": 0.9812040314698739,
      "support": 4400.0
    },
    "weighted avg": {
      "precision": 0.9836209575328431,
      "recall": 0.9804545454545455,
      "f1-score": 0.9812040314698739,
      "support": 4400.0
    }
  },
  "vectorizer_params": {
    "analyzer": "char_wb",
    "ngram_range": "(1, 4)",
    "max_features": 100000,
    "sublinear_tf": true,
    "min_df": 2
  }
}